name,no_fd_loss_mean_train,no_fd_acc_mean_train,no_fd_f1_mean_train,no_fd_loss_mean_val,no_fd_acc_mean_val,no_fd_f1_mean_val,no_fd_loss_std_train,no_fd_acc_std_train,no_fd_f1_std_train,no_fd_loss_std_val,no_fd_acc_std_val,no_fd_f1_std_val,fd_loss_mean_train,fd_acc_mean_train,fd_f1_mean_train,fd_loss_mean_val,fd_acc_mean_val,fd_f1_mean_val,fd_loss_std_train,fd_acc_std_train,fd_f1_std_train,fd_loss_std_val,fd_acc_std_val,fd_f1_std_val,t_test,p_value,layer_type,arch,num_classes,fd_layers,fd_diff,num_samples,k,skip,gyration,use_weight,norm,use_writer,iterations,epochs,lr,use_fd
citeseer,0.144575112,0.93076081,0.924169037,0.030515138,0.9976,0.995796322,0.010719317,0.004994058,0.005132628,0.002671832,0.0008,0.000705116,0.1172731,0.939737274,0.934111769,0.025422385,0.9978,0.995948879,0.011853675,0.006271584,0.006683215,0.003532562,0.0006,0.0006098,5.125002529,7.09E-05,<class 'torch_geometric.nn.conv.gat_conv.GATConv'>,"[3703, 32, 16]",6,[0],TRUE,2000,5,1,TRUE,TRUE,1,FALSE,10,40,0.005,FALSE
cora,0.083222103,0.974503311,0.97132173,0.027594119,0.9958,0.995068784,0.014037972,0.003825901,0.004119319,0.007060122,0.002441311,0.002955617,0.041299421,0.986258278,0.98404193,0.013497918,0.9978,0.997449725,0.005312564,0.00157937,0.002519889,0.002733237,0.001661325,0.002124921,8.379175665,1.26E-07,<class 'torch_geometric.nn.conv.gat_conv.GATConv'>,"[1433, 32, 16]",7,[0],TRUE,2000,5,1,TRUE,TRUE,1,FALSE,10,40,0.005,FALSE
facebook,0.190944415,0.93606182,0.930761243,0.086736378,0.9758,0.973444983,0.013753907,0.004911063,0.00537773,0.011371684,0.004093898,0.004625692,0.190912066,0.936777333,0.932096655,0.083130648,0.9775,0.975422117,0.015070459,0.006856326,0.006514202,0.015307792,0.00585235,0.006373663,0.00475646,0.996257227,<class 'torch_geometric.nn.conv.gat_conv.GATConv'>,"[128, 32, 16]",4,[0],TRUE,2000,5,1,TRUE,TRUE,1,FALSE,10,40,0.005,FALSE
facebook,0.05778859555721283,0.9826158940397351,0.9802901402721563,0.021230334416031837,1.0,1.0,0.0,0.0,0.0,0.0,0.0,0.0,0.027081379666924477,0.9884105960264901,0.9880047961557102,0.006104390136897564,1.0,1.0,0.0,0.0,0.0,0.0,0.0,0.0,nan,nan,<class 'torch_geometric.nn.conv.gat_conv.GATConv'>,"[1433, 32, 16]",7,[0],True,2000,5,1,True,True,1.0,True,1,50,0.005,Cora,False
Cora,0.7131806015968323,0.8998344370860927,0.8890744940517481,0.6108679175376892,0.94,0.9357398090381135,0.0,0.0,0.0,0.0,0.0,0.0,0.024258827790617943,0.9942052980132451,0.9925007213328426,0.007166736293584108,1.0,1.0,0.0,0.0,0.0,0.0,0.0,0.0,nan,nan,<class 'torch_geometric.nn.conv.gat_conv.GATConv'>,"[1433, 32, 16]",7,[1],True,2000,5,1,True,True,1.0,True,1,50,0.005,Cora,False
Cora,0.7131806015968323,0.8998344370860927,0.8890744940517481,0.6108679175376892,0.94,0.9357398090381135,0.0,0.0,0.0,0.0,0.0,0.0,0.024258827790617943,0.9942052980132451,0.9925007213328426,0.007166736293584108,1.0,1.0,0.0,0.0,0.0,0.0,0.0,0.0,nan,nan,<class 'torch_geometric.nn.conv.gat_conv.GATConv'>,"[1433, 32, 16]",7,[1],True,2000,5,1,True,True,1.0,True,1,50,0.005,Cora,False
Cora,0.7131806015968323,0.8998344370860927,0.8890744940517481,0.6108679175376892,0.94,0.9357398090381135,0.0,0.0,0.0,0.0,0.0,0.0,0.024258827790617943,0.9942052980132451,0.9925007213328426,0.007166736293584108,1.0,1.0,0.0,0.0,0.0,0.0,0.0,0.0,nan,nan,<class 'torch_geometric.nn.conv.gat_conv.GATConv'>,"[1433, 32, 16]",7,[1],True,2000,5,1,True,True,1.0,True,1,50,0.005,Cora,False
Cora,0.038091011345386505,0.9892384105960265,0.9873742451572193,0.00967438891530037,1.0,1.0,0.0,0.0,0.0,0.0,0.0,0.0,0.25215786695480347,0.929635761589404,0.9249075692645273,0.1513293981552124,0.968,0.9652152439471132,0.0,0.0,0.0,0.0,0.0,0.0,nan,nan,<class 'torch_geometric.nn.conv.gat_conv.GATConv'>,"[1433, 32, 16]",7,[1],True,2000,5,1,True,True,1.0,True,1,40,0.005,Cora,False
Cora,0.038091011345386505,0.9892384105960265,0.9873742451572193,0.00967438891530037,1.0,1.0,0.0,0.0,0.0,0.0,0.0,0.0,0.25215786695480347,0.929635761589404,0.9249075692645273,0.1513293981552124,0.968,0.9652152439471132,0.0,0.0,0.0,0.0,0.0,0.0,nan,nan,<class 'torch_geometric.nn.conv.gat_conv.GATConv'>,"[1433, 32, 16]",7,[1],True,2000,5,1,True,True,1.0,True,1,40,0.005,Cora,False
Cora,0.038091011345386505,0.9892384105960265,0.9873742451572193,0.00967438891530037,1.0,1.0,0.0,0.0,0.0,0.0,0.0,0.0,0.25215786695480347,0.929635761589404,0.9249075692645273,0.1513293981552124,0.968,0.9652152439471132,0.0,0.0,0.0,0.0,0.0,0.0,nan,nan,<class 'torch_geometric.nn.conv.gat_conv.GATConv'>,"[1433, 32, 16]",7,[1],True,2000,5,1,True,True,1.0,True,1,40,0.005,Cora,False
Cora,0.06768650561571121,0.9743377483443708,0.9697085254119864,0.023237137123942375,0.996,0.99581297967382,0.0,0.0,0.0,0.0,0.0,0.0,0.030691219493746758,0.9900662251655629,0.9882137577153765,0.010743184946477413,1.0,1.0,0.0,0.0,0.0,0.0,0.0,0.0,nan,nan,<class 'torch_geometric.nn.conv.gat_conv.GATConv'>,"[1433, 32, 16]",7,[0],True,2000,5,1,True,True,1.0,True,1,40,0.005,Cora,False
Cora,0.07725279442965985,0.9773178807947019,0.9739727019748002,0.026243468653410672,0.9968,0.9963626047409246,0.019811649489436936,0.005367405654783888,0.006484064422282552,0.008833719748919784,0.00271293199325011,0.0032071677673814383,0.04461155720055103,0.9869205298013247,0.9845770764249272,0.013143870513886213,0.9996,0.9996608498471853,0.006415366880651267,0.001158940397350997,0.0017073115816116302,0.0018494544449511182,0.0008000000000000007,0.00067830030562952,4.702339608124707,0.00017753799612093912,<class 'torch_geometric.nn.conv.gat_conv.GATConv'>,"[1433, 32, 16]",7,[0],True,2000,5,1,True,True,1.0,True,10,40,0.005,Cora,False
Cora,0.07725279442965985,0.9773178807947019,0.9739727019748002,0.026243468653410672,0.9968,0.9963626047409246,0.019811649489436936,0.005367405654783888,0.006484064422282552,0.008833719748919784,0.00271293199325011,0.0032071677673814383,0.04461155720055103,0.9869205298013247,0.9845770764249272,0.013143870513886213,0.9996,0.9996608498471853,0.006415366880651267,0.001158940397350997,0.0017073115816116302,0.0018494544449511182,0.0008000000000000007,0.00067830030562952,4.702339608124707,0.00017753799612093912,<class 'torch_geometric.nn.conv.gat_conv.GATConv'>,"[1433, 32, 16]",7,[0],True,2000,5,1,True,True,1.0,True,10,40,0.005,Cora,False
CiteSeer,0.22310217171907426,0.90311986863711,0.8930617473509113,0.04805793166160584,0.9949999999999999,0.9923172125539088,0.029568868853791487,0.009492931970959514,0.010599436646887238,0.007259106051006712,0.0031304951684997086,0.004440356071841423,0.1727383092045784,0.9217843459222769,0.9138865525214953,0.03811805844306946,0.9969999999999999,0.9951096662264616,0.01309351552061629,0.005871921590428101,0.006651685063207606,0.00417376915152412,0.001843908891458579,0.0020254909892370994,4.672234744307827,0.00018964889263999588,<class 'torch_geometric.nn.conv.gat_conv.GATConv'>,"[3703, 32, 16]",6,[0],True,2000,5,1,True,True,1.0,True,10,30,0.005,CiteSeer,False
Facebook,0.1998983293771744,0.9320549513451631,0.9280007018027339,0.10449304431676865,0.9747999999999999,0.974167152185281,0.011799444544277074,0.004952585780497605,0.004216640661653189,0.005821704002906457,0.0031874754901018484,0.004259485502527096,0.1742285281419754,0.946078992558672,0.9421284233442643,0.09029963910579682,0.9782,0.9779357118115677,0.01856590708400702,0.006134674169006904,0.006396037424076677,0.00847510592913989,0.0035440090293338733,0.0037731497121079077,2.3338116675653757,0.04787596309524674,<class 'torch_geometric.nn.conv.gat_conv.GATConv'>,"[128, 32, 16]",4,[0],True,2000,5,1,True,True,1.0,True,5,40,0.005,Facebook,False
Facebook,0.1998983293771744,0.9320549513451631,0.9280007018027339,0.10449304431676865,0.9747999999999999,0.974167152185281,0.011799444544277074,0.004952585780497605,0.004216640661653189,0.005821704002906457,0.0031874754901018484,0.004259485502527096,0.1742285281419754,0.946078992558672,0.9421284233442643,0.09029963910579682,0.9782,0.9779357118115677,0.01856590708400702,0.006134674169006904,0.006396037424076677,0.00847510592913989,0.0035440090293338733,0.0037731497121079077,2.3338116675653757,0.04787596309524674,<class 'torch_geometric.nn.conv.gat_conv.GATConv'>,"[128, 32, 16]",4,[0],True,2000,5,1,True,True,1.0,True,5,40,0.005,Facebook,False
Cora,0.0927094891667366,0.9677152317880795,0.9634096662599276,0.03287585824728012,0.998,0.9978593533075318,0.0,0.0,0.0,0.0,0.0,0.0,0.037552572786808014,0.9925496688741722,0.9915970214861807,0.012444701045751572,1.0,1.0,0.0,0.0,0.0,0.0,0.0,0.0,nan,nan,<class 'torch_geometric.nn.conv.gat_conv.GATConv'>,"[1433, 32, 16]",7,[0],True,2000,5,1,True,True,1.0,True,1,40,0.005,Cora,False
CiteSeer,0.11586739867925644,0.9619205298013245,0.9592050245564911,0.04537553712725639,0.992,0.9893855478582682,0.0,0.0,0.0,0.0,0.0,0.0,0.036332469433546066,0.9884105960264901,0.9870226924088528,0.009095340967178345,1.0,1.0,0.0,0.0,0.0,0.0,0.0,0.0,nan,nan,<class 'torch_geometric.nn.conv.gat_conv.GATConv'>,"[3703, 32, 16]",6,[0],True,2000,5,1,True,True,1.0,True,1,40,0.005,CiteSeer
CiteSeer,0.15390445291996002,0.9288451012588944,0.9205459239180592,0.034707941114902496,0.998,0.9962004823735421,0.0,0.0,0.0,0.0,0.0,0.0,0.1218830868601799,0.9376026272577996,0.9321117605724066,0.025913752615451813,0.998,0.9962004823735421,0.0,0.0,0.0,0.0,0.0,0.0,nan,nan,<class 'torch_geometric.nn.conv.gat_conv.GATConv'>,"[3703, 32, 16]",6,[0],True,2000,5,1,True,True,1.0,True,1,40,0.005,CiteSeer,False
Facebook,0.1683070957660675,0.9467658843732112,0.9403455457415435,0.06869565695524216,0.984,0.9800249669420138,0.0,0.0,0.0,0.0,0.0,0.0,0.18233691155910492,0.9424728105323411,0.9369428135425846,0.069017194211483,0.981,0.977416771444434,0.0,0.0,0.0,0.0,0.0,0.0,nan,nan,<class 'torch_geometric.nn.conv.gat_conv.GATConv'>,"[128, 32, 16]",4,[0],True,2000,5,1,True,True,1.0,True,1,40,0.005,Facebook,False
Facebook,0.18074257671833038,0.9453348597595879,0.9416024997800891,0.10518236458301544,0.968,0.9649429566874819,0.0,0.0,0.0,0.0,0.0,0.0,0.18917594850063324,0.9390383514596451,0.9360314655122702,0.10162139683961868,0.971,0.9681503140858665,0.0,0.0,0.0,0.0,0.0,0.0,nan,nan,<class 'torch_geometric.nn.conv.gat_conv.GATConv'>,"[128, 32, 16]",4,[0],True,2000,5,1,True,True,1.0,True,1,40,0.005,Facebook,False
