arch,fd_layers,gyration,k,norm,val_acc,val_loss,,,,,,,,,,,,,
"[2240, 256, 128]",[1],FALSE,4,2,0.979798019,282.6784363,,fd_layers,AVG,STDEV,gyration,AVG,STDEV,k,AVG,STDEV,norm,AVG,STDEV
"[2240, 256, 128]","[0, 1]",TRUE,5,2,0.979798019,962.4500122,,[1],0.928662956,0.028871171,FALSE,0.929769403,0.008616959,4,0.930326863,0.028699476,2,0.932395962,0.024794655
"[2240, 256, 128]","[0, 1]",TRUE,5,3,0.977320373,0.505126655,,"[0, 1]",0.930552919,0.024239004,TRUE,0.929536467,0.025832405,5,0.927634339,0.024322877,3,0.920706308,0.026649935
"[2240, 256, 128]","[0, 1]",TRUE,4,3,0.977320373,0.577402532,,[0],0.92809648,0.015546257,0,#DIV/0!,0,3,0.931774878,0.020211398,1,0.931584107,0.026356669
"[2240, 256, 128]","[0, 1]",TRUE,4,2,0.977320373,5.109600067,,0,#DIV/0!,0,,,,0,#DIV/0!,0,4,0.926116526,0.015852094
"[2240, 256, 128]","[0, 1]",TRUE,5,2,0.973508656,0.810865104,,,,,,,,,,,0,#DIV/0!,0
"[2240, 256, 128]","[0, 1]",TRUE,4,2,0.973508656,1.224245071,,,,,,,,,,,,,
"[2240, 256, 128]",[1],FALSE,4,1,0.97103101,0.470371008,,,,,,,,,,,,,
"[2240, 256, 128]",[1],FALSE,3,1,0.967219353,0.584959686,,fd_layers,AVG,STDEV,gyration,AVG,STDEV,k,AVG,STDEV,norm,AVG,STDEV
"[2240, 256, 128]",[1],FALSE,4,1,0.967219353,0.763589084,,[1],34.05789045,87.70292923,FALSE,59.28831611,1.096641551,4,32.14847682,118.6951644,2,99.08098556,0.024794655
"[2240, 256, 128]",[1],FALSE,4,1,0.967219353,2.627851486,,"[0, 1]",79.52961381,179.6275543,TRUE,58.51709672,171.8150107,5,77.57298908,180.8206529,3,19.49935218,0.026649935
"[2240, 256, 128]","[0, 1]",TRUE,4,2,0.967219353,7.945352077,,[0],38.71867343,71.01239884,0,#DIV/0!,0,3,75.62153784,113.2813394,1,14.38865301,0.026356669
"[2240, 256, 128]","[0, 1]",TRUE,5,2,0.967219353,0.570560932,,0,#DIV/0!,0,,,,0,#DIV/0!,0,4,5.2948721,0.015852094
"[2240, 256, 128]",[1],TRUE,3,1,0.963407695,0.512007475,,,,,,,,,,,0,#DIV/0!,0
"[2240, 256, 128]",[1],FALSE,4,2,0.963407695,2.026067257,,,,,,,,,,,,,
"[2240, 256, 128]",[1],FALSE,4,1,0.963407695,2.966543913,,,,,,,,,,,,,
"[2240, 256, 128]",[1],FALSE,4,1,0.963407695,9.167363167,,,,,,,,,,,,,
"[2240, 256, 128]","[0, 1]",TRUE,5,2,0.963407695,5.451028824,,,,,,,,,,,,,
"[2240, 256, 128]",[1],FALSE,5,2,0.963407695,73.98101044,,,,,,,,,,,,,
"[2240, 256, 128]",[1],FALSE,5,2,0.963407695,4.749197006,,,,,,,,,,,,,
"[2240, 256, 128]",[1],FALSE,4,2,0.960930049,4.300197124,,,,,,,,,,,,,
"[2240, 256, 128]","[0, 1]",FALSE,5,2,0.960930049,271.8945007,,,,,,,,,,,,,
"[2240, 256, 128]","[0, 1]",TRUE,3,2,0.960930049,92.2952652,,,,,,,,,,,,,
"[2240, 256, 128]","[0, 1]",TRUE,3,2,0.960930049,60.96727371,,,,,,,,,,,,,
"[2240, 256, 128]",[1],FALSE,4,1,0.957118332,0.721164227,,,,,,,,,,,,,
"[2240, 256, 128]","[0, 1]",TRUE,3,3,0.957118332,5.292487621,,,,,,,,,,,,,
"[2240, 256, 128]","[0, 1]",FALSE,5,2,0.957118332,19.62968445,,,,,,,,,,,,,
"[2240, 256, 128]","[0, 1]",TRUE,4,2,0.957118332,7.871482372,,,,,,,,,,,,,
"[2240, 256, 128]","[0, 1]",TRUE,5,2,0.957118332,0.603019953,,,,,,,,,,,,,
"[2240, 256, 128]","[0, 1]",FALSE,4,3,0.957118332,13.95474243,,,,,,,,,,,,,
"[2240, 256, 128]","[0, 1]",TRUE,3,2,0.957118332,25.60329628,,,,,,,,,,,,,
"[2240, 256, 128]",[1],FALSE,4,2,0.954640806,61.66385269,,,,,,,,,,,,,
"[2240, 256, 128]",[0],TRUE,4,2,0.954640806,1.689168453,,,,,,,,,,,,,
"[2240, 256, 128]",[1],FALSE,4,1,0.953306675,1.002047181,,,,,,,,,,,,,
"[2240, 256, 128]","[0, 1]",TRUE,3,2,0.953306675,2.050103903,,,,,,,,,,,,,
"[2240, 256, 128]",[1],FALSE,3,1,0.950829029,0.599366367,,,,,,,,,,,,,
"[2240, 256, 128]",[1],FALSE,4,1,0.950829029,105.2648087,,,,,,,,,,,,,
"[2240, 256, 128]",[1],FALSE,4,2,0.950829029,15.27225018,,,,,,,,,,,,,
"[2240, 256, 128]",[1],FALSE,4,2,0.950829029,7.642372131,,,,,,,,,,,,,
"[2240, 256, 128]",[0],TRUE,4,4,0.950829029,5.806594849,,,,,,,,,,,,,
"[2240, 256, 128]","[0, 1]",TRUE,3,2,0.950829029,59.38892746,,,,,,,,,,,,,
"[2240, 256, 128]","[0, 1]",TRUE,5,2,0.950829029,4.053945065,,,,,,,,,,,,,
"[2240, 256, 128]","[0, 1]",FALSE,4,2,0.950829029,3.686610937,,,,,,,,,,,,,
"[2240, 256, 128]",[0],TRUE,4,4,0.950829029,0.622373641,,,,,,,,,,,,,
"[2240, 256, 128]","[0, 1]",TRUE,5,2,0.950829029,26.61657906,,,,,,,,,,,,,
"[2240, 256, 128]",[1],FALSE,3,1,0.948351443,31.3067646,,,,,,,,,,,,,
"[2240, 256, 128]",[1],TRUE,3,1,0.947017372,2.56039381,,,,,,,,,,,,,
"[2240, 256, 128]","[0, 1]",TRUE,5,2,0.947017372,10.27730846,,,,,,,,,,,,,
"[2240, 256, 128]",[1],FALSE,4,1,0.947017372,6.416006088,,,,,,,,,,,,,
"[2240, 256, 128]","[0, 1]",TRUE,3,2,0.947017372,142.8852234,,,,,,,,,,,,,
"[2240, 256, 128]",[1],FALSE,4,1,0.944539785,7.875932217,,,,,,,,,,,,,
"[2240, 256, 128]",[1],TRUE,5,1,0.944539785,0.583814204,,,,,,,,,,,,,
"[2240, 256, 128]","[0, 1]",TRUE,5,3,0.944539785,0.656240642,,,,,,,,,,,,,
"[2240, 256, 128]","[0, 1]",TRUE,5,2,0.944539785,606.4473877,,,,,,,,,,,,,
"[2240, 256, 128]","[0, 1]",TRUE,5,2,0.944539785,4.083850384,,,,,,,,,,,,,
"[2240, 256, 128]","[0, 1]",TRUE,5,2,0.944539785,4.64756918,,,,,,,,,,,,,
"[2240, 256, 128]","[0, 1]",TRUE,5,2,0.943205655,64.24156952,,,,,,,,,,,,,
"[2240, 256, 128]","[0, 1]",TRUE,3,2,0.943205655,22.32608032,,,,,,,,,,,,,
"[2240, 256, 128]","[0, 1]",TRUE,5,3,0.943205655,4.302723885,,,,,,,,,,,,,
"[2240, 256, 128]",[1],FALSE,3,2,0.940728009,214.5531464,,,,,,,,,,,,,
"[2240, 256, 128]",[1],TRUE,3,1,0.940728009,12.67353916,,,,,,,,,,,,,
"[2240, 256, 128]","[0, 1]",FALSE,4,2,0.940728009,NaN,,,,,,,,,,,,,
"[2240, 256, 128]","[0, 1]",FALSE,3,1,0.940728009,134.1301575,,,,,,,,,,,,,
"[2240, 256, 128]","[0, 1]",FALSE,4,2,0.940728009,133.477829,,,,,,,,,,,,,
"[2240, 256, 128]","[0, 1]",TRUE,5,2,0.940728009,14.73423481,,,,,,,,,,,,,
"[2240, 256, 128]","[0, 1]",FALSE,4,2,0.940728009,48.70019531,,,,,,,,,,,,,
"[2240, 256, 128]","[0, 1]",TRUE,3,3,0.940728009,0.635366917,,,,,,,,,,,,,
"[2240, 256, 128]","[0, 1]",TRUE,5,2,0.940728009,1.00074327,,,,,,,,,,,,,
"[2240, 256, 128]","[0, 1]",TRUE,4,2,0.940728009,1.121416092,,,,,,,,,,,,,
"[2240, 256, 128]",[0],FALSE,5,2,0.940728009,52.0106926,,,,,,,,,,,,,
"[2240, 256, 128]",[1],TRUE,5,2,0.939393997,0.598929405,,,,,,,,,,,,,
"[2240, 256, 128]","[0, 1]",TRUE,5,2,0.939393997,1.515226007,,,,,,,,,,,,,
"[2240, 256, 128]","[0, 1]",TRUE,3,1,0.938250482,0.772733271,,,,,,,,,,,,,
"[2240, 256, 128]","[0, 1]",TRUE,3,2,0.938250482,0.720949948,,,,,,,,,,,,,
"[2240, 256, 128]",[1],FALSE,4,3,0.936916351,5.005149364,,,,,,,,,,,,,
"[2240, 256, 128]",[0],FALSE,3,2,0.936916351,266.7967529,,,,,,,,,,,,,
"[2240, 256, 128]",[1],TRUE,4,2,0.936916351,6.070140839,,,,,,,,,,,,,
"[2240, 256, 128]",[0],TRUE,5,1,0.936916351,1.506887317,,,,,,,,,,,,,
"[2240, 256, 128]",[1],FALSE,5,2,0.936916351,9.578721046,,,,,,,,,,,,,
"[2240, 256, 128]","[0, 1]",TRUE,4,3,0.936916351,1.861012101,,,,,,,,,,,,,
"[2240, 256, 128]","[0, 1]",TRUE,5,3,0.936916351,6.697917938,,,,,,,,,,,,,
"[2240, 256, 128]","[0, 1]",TRUE,4,2,0.936916351,21.28652191,,,,,,,,,,,,,
"[2240, 256, 128]","[0, 1]",FALSE,4,3,0.936916351,5.579853058,,,,,,,,,,,,,
"[2240, 256, 128]","[0, 1]",TRUE,4,2,0.936916351,157.0696411,,,,,,,,,,,,,
"[2240, 256, 128]",[0],TRUE,4,4,0.936916351,0.642142475,,,,,,,,,,,,,
"[2240, 256, 128]","[0, 1]",TRUE,5,2,0.936916351,5.561025143,,,,,,,,,,,,,
"[2240, 256, 128]","[0, 1]",TRUE,5,2,0.936916351,41.57954025,,,,,,,,,,,,,
"[2240, 256, 128]","[0, 1]",FALSE,5,2,0.936916351,15.2679491,,,,,,,,,,,,,
"[2240, 256, 128]","[0, 1]",FALSE,3,2,0.936916351,20.98135567,,,,,,,,,,,,,
"[2240, 256, 128]",[1],FALSE,4,1,0.934438765,6.679634571,,,,,,,,,,,,,
"[2240, 256, 128]",[1],FALSE,4,2,0.934438765,3.644477844,,,,,,,,,,,,,
"[2240, 256, 128]","[0, 1]",TRUE,5,3,0.934438765,1.225748658,,,,,,,,,,,,,
"[2240, 256, 128]",[1],FALSE,3,1,0.934438705,0.952727139,,,,,,,,,,,,,
"[2240, 256, 128]","[0, 1]",FALSE,5,3,0.934438705,99.25415039,,,,,,,,,,,,,
"[2240, 256, 128]",[0],FALSE,5,2,0.934438705,167.4212799,,,,,,,,,,,,,
"[2240, 256, 128]","[0, 1]",TRUE,4,3,0.934438705,1.638026714,,,,,,,,,,,,,
"[2240, 256, 128]",[1],FALSE,5,2,0.934438705,5.433076382,,,,,,,,,,,,,
"[2240, 256, 128]",[1],FALSE,4,1,0.933104694,4.797138691,,,,,,,,,,,,,
"[2240, 256, 128]","[0, 1]",FALSE,3,2,0.933104694,331.6643066,,,,,,,,,,,,,
"[2240, 256, 128]","[0, 1]",TRUE,4,1,0.933104575,2.46636796,,,,,,,,,,,,,
"[2240, 256, 128]",[1],FALSE,3,1,0.930627048,20.6964798,,,,,,,,,,,,,
"[2240, 256, 128]","[0, 1]",TRUE,4,4,0.930627048,2.500072241,,,,,,,,,,,,,
"[2240, 256, 128]","[0, 1]",FALSE,5,2,0.930627048,340.9098816,,,,,,,,,,,,,
"[2240, 256, 128]","[0, 1]",TRUE,3,2,0.930627048,82.82582855,,,,,,,,,,,,,
"[2240, 256, 128]","[0, 1]",FALSE,5,2,0.929292917,22.23244667,,,,,,,,,,,,,
"[2240, 256, 128]",[1],FALSE,3,4,0.928149462,0.659366012,,,,,,,,,,,,,
"[2240, 256, 128]","[0, 1]",TRUE,5,4,0.928149462,0.679840744,,,,,,,,,,,,,
"[2240, 256, 128]",[1],FALSE,4,1,0.928149462,2.337384462,,,,,,,,,,,,,
"[2240, 256, 128]",[0],FALSE,4,2,0.928149402,7.347453594,,,,,,,,,,,,,
"[2240, 256, 128]","[0, 1]",TRUE,4,2,0.926815331,27.70157623,,,,,,,,,,,,,
"[2240, 256, 128]",[1],FALSE,3,1,0.926815331,1.446238041,,,,,,,,,,,,,
"[2240, 256, 128]",[0],FALSE,5,1,0.926815331,0.950204849,,,,,,,,,,,,,
"[2240, 256, 128]",[1],FALSE,4,1,0.926815331,2.032693863,,,,,,,,,,,,,
"[2240, 256, 128]",[1],FALSE,4,1,0.926815331,1.024666309,,,,,,,,,,,,,
"[2240, 256, 128]",[1],FALSE,4,1,0.926815331,10.41725636,,,,,,,,,,,,,
"[2240, 256, 128]","[0, 1]",TRUE,4,3,0.926815331,6.825614452,,,,,,,,,,,,,
"[2240, 256, 128]",[1],TRUE,5,2,0.926815331,0.752036095,,,,,,,,,,,,,
"[2240, 256, 128]","[0, 1]",FALSE,5,4,0.926815331,0.624235213,,,,,,,,,,,,,
"[2240, 256, 128]","[0, 1]",FALSE,3,2,0.926815331,251.0079193,,,,,,,,,,,,,
"[2240, 256, 128]","[0, 1]",TRUE,5,2,0.924337685,11.3641386,,,,,,,,,,,,,
"[2240, 256, 128]","[0, 1]",TRUE,5,3,0.924337685,3.227757215,,,,,,,,,,,,,
"[2240, 256, 128]","[0, 1]",TRUE,5,2,0.924337685,11.9723177,,,,,,,,,,,,,
"[2240, 256, 128]","[0, 1]",TRUE,3,2,0.924337685,8.392526627,,,,,,,,,,,,,
"[2240, 256, 128]",[1],FALSE,3,1,0.923003614,184.97052,,,,,,,,,,,,,
"[2240, 256, 128]",[1],FALSE,4,1,0.923003614,0.720953166,,,,,,,,,,,,,
"[2240, 256, 128]",[0],TRUE,4,2,0.923003614,2.93534565,,,,,,,,,,,,,
"[2240, 256, 128]",[1],TRUE,3,1,0.921860158,1.688918948,,,,,,,,,,,,,
"[2240, 256, 128]",[1],FALSE,4,4,0.921860158,0.645667493,,,,,,,,,,,,,
"[2240, 256, 128]",[0],FALSE,5,4,0.920526028,11.64684963,,,,,,,,,,,,,
"[2240, 256, 128]",[1],FALSE,4,3,0.920526028,2.077604294,,,,,,,,,,,,,
"[2240, 256, 128]",[1],FALSE,4,2,0.920526028,66.18447113,,,,,,,,,,,,,
"[2240, 256, 128]",[1],FALSE,4,1,0.920526028,41.36876297,,,,,,,,,,,,,
"[2240, 256, 128]",[1],FALSE,4,1,0.920526028,1.082348943,,,,,,,,,,,,,
"[2240, 256, 128]",[1],FALSE,5,2,0.920526028,377.8141785,,,,,,,,,,,,,
"[2240, 256, 128]","[0, 1]",TRUE,5,3,0.920526028,50.19169998,,,,,,,,,,,,,
"[2240, 256, 128]","[0, 1]",TRUE,4,2,0.920526028,122.0465469,,,,,,,,,,,,,
"[2240, 256, 128]","[0, 1]",TRUE,3,3,0.920526028,84.92551422,,,,,,,,,,,,,
"[2240, 256, 128]","[0, 1]",TRUE,5,3,0.919191897,1.315261483,,,,,,,,,,,,,
"[2240, 256, 128]","[0, 1]",TRUE,5,3,0.919191897,4.164314747,,,,,,,,,,,,,
"[2240, 256, 128]","[0, 1]",TRUE,5,3,0.918048382,NaN,,,,,,,,,,,,,
"[2240, 256, 128]",[1],TRUE,3,2,0.918048382,3.520456314,,,,,,,,,,,,,
"[2240, 256, 128]","[0, 1]",TRUE,5,2,0.91671437,4.019581318,,,,,,,,,,,,,
"[2240, 256, 128]","[0, 1]",TRUE,4,3,0.91671437,0.866384745,,,,,,,,,,,,,
"[2240, 256, 128]","[0, 1]",TRUE,4,2,0.91671437,52.39752579,,,,,,,,,,,,,
"[2240, 256, 128]","[0, 1]",TRUE,5,2,0.91671437,18.52420998,,,,,,,,,,,,,
"[2240, 256, 128]","[0, 1]",TRUE,5,2,0.91671437,6.804749012,,,,,,,,,,,,,
"[2240, 256, 128]","[0, 1]",TRUE,3,2,0.91671437,239.362381,,,,,,,,,,,,,
"[2240, 256, 128]",[1],FALSE,3,1,0.914236724,8.374236107,,,,,,,,,,,,,
"[2240, 256, 128]","[0, 1]",FALSE,3,4,0.914236724,38.45992279,,,,,,,,,,,,,
"[2240, 256, 128]",[1],FALSE,4,2,0.914236724,43.74417496,,,,,,,,,,,,,
"[2240, 256, 128]",[0],FALSE,5,3,0.914236724,3.091913223,,,,,,,,,,,,,
"[2240, 256, 128]",[1],FALSE,4,1,0.914236724,2.510158539,,,,,,,,,,,,,
"[2240, 256, 128]","[0, 1]",TRUE,5,3,0.914236724,2.203970194,,,,,,,,,,,,,
"[2240, 256, 128]",[0],TRUE,5,2,0.912902594,18.94887924,,,,,,,,,,,,,
"[2240, 256, 128]",[0],TRUE,4,1,0.912902594,0.74758029,,,,,,,,,,,,,
"[2240, 256, 128]","[0, 1]",FALSE,5,1,0.911759138,NaN,,,,,,,,,,,,,
"[2240, 256, 128]",[1],FALSE,3,1,0.910425007,0.7499277,,,,,,,,,,,,,
"[2240, 256, 128]",[0],TRUE,4,3,0.910425007,19.44011307,,,,,,,,,,,,,
"[2240, 256, 128]","[0, 1]",TRUE,5,2,0.910425007,37.83156967,,,,,,,,,,,,,
"[2240, 256, 128]",[0],TRUE,5,2,0.910425007,85.73000336,,,,,,,,,,,,,
"[2240, 256, 128]","[0, 1]",TRUE,3,2,0.910425007,380.391449,,,,,,,,,,,,,
"[2240, 256, 128]","[0, 1]",TRUE,4,3,0.909281552,0.756788909,,,,,,,,,,,,,
"[2240, 256, 128]",[1],FALSE,4,4,0.907947361,0.643518448,,,,,,,,,,,,,
"[2240, 256, 128]","[0, 1]",TRUE,4,2,0.907947361,996.5634766,,,,,,,,,,,,,
"[2240, 256, 128]","[0, 1]",TRUE,3,2,0.90661335,4.562656403,,,,,,,,,,,,,
"[2240, 256, 128]",[1],FALSE,3,1,0.90661335,4.151681423,,,,,,,,,,,,,
"[2240, 256, 128]","[0, 1]",TRUE,5,2,0.90661335,7.991827488,,,,,,,,,,,,,
"[2240, 256, 128]",[1],TRUE,3,2,0.904135704,80.45617676,,,,,,,,,,,,,
"[2240, 256, 128]",[0],TRUE,4,3,0.904135704,49.60188675,,,,,,,,,,,,,
"[2240, 256, 128]","[0, 1]",TRUE,4,2,0.904135704,NaN,,,,,,,,,,,,,
"[2240, 256, 128]","[0, 1]",TRUE,3,2,0.904135704,441.2347107,,,,,,,,,,,,,
"[2240, 256, 128]",[1],FALSE,5,1,0.900324047,19.58260918,,,,,,,,,,,,,
"[2240, 256, 128]",[1],TRUE,4,3,0.900324047,10.23281002,,,,,,,,,,,,,
"[2240, 256, 128]","[0, 1]",FALSE,3,3,0.900324047,7.704847813,,,,,,,,,,,,,
"[2240, 256, 128]","[0, 1]",TRUE,5,2,0.900324047,18.75381279,,,,,,,,,,,,,
"[2240, 256, 128]","[0, 1]",TRUE,5,3,0.900324047,2.867329836,,,,,,,,,,,,,
"[2240, 256, 128]",[1],TRUE,5,2,0.897846401,4.23093462,,,,,,,,,,,,,
"[2240, 256, 128]","[0, 1]",TRUE,4,2,0.897846401,7.789941311,,,,,,,,,,,,,
"[2240, 256, 128]",[1],TRUE,4,4,0.89651233,0.607881665,,,,,,,,,,,,,
"[2240, 256, 128]",[1],FALSE,5,2,0.89651233,60.43075943,,,,,,,,,,,,,
"[2240, 256, 128]","[0, 1]",FALSE,4,3,0.89651233,24.17021179,,,,,,,,,,,,,
"[2240, 256, 128]","[0, 1]",FALSE,5,2,0.894034684,232.3045197,,,,,,,,,,,,,
"[2240, 256, 128]","[0, 1]",FALSE,5,3,0.892891169,245.4869537,,,,,,,,,,,,,
"[2240, 256, 128]","[0, 1]",TRUE,5,2,0.892700613,807.8971558,,,,,,,,,,,,,
"[2240, 256, 128]",[1],FALSE,5,2,0.892700613,12.58203602,,,,,,,,,,,,,
"[2240, 256, 128]","[0, 1]",FALSE,5,2,0.890223026,49.86875534,,,,,,,,,,,,,
"[2240, 256, 128]","[0, 1]",TRUE,5,2,0.890223026,6.106063843,,,,,,,,,,,,,
"[2240, 256, 128]","[0, 1]",TRUE,4,3,0.88774538,27.93172646,,,,,,,,,,,,,
"[2240, 256, 128]","[0, 1]",FALSE,5,2,0.883933723,64.39544678,,,,,,,,,,,,,
"[2240, 256, 128]","[0, 1]",FALSE,4,3,0.87764436,6.317430019,,,,,,,,,,,,,
"[2240, 256, 128]",[1],FALSE,5,2,0.876310349,531.3135376,,,,,,,,,,,,,
"[2240, 256, 128]","[0, 1]",TRUE,4,3,0.873832703,0.743293762,,,,,,,,,,,,,
"[2240, 256, 128]",[1],FALSE,4,1,0.873832703,3.424386024,,,,,,,,,,,,,
"[2240, 256, 128]",[1],FALSE,3,2,0.871355057,51.51272202,,,,,,,,,,,,,
"[2240, 256, 128]",[1],FALSE,4,1,0.867543399,1.180204511,,,,,,,,,,,,,
"[2240, 256, 128]","[0, 1]",TRUE,5,2,0.865065753,16.50131607,,,,,,,,,,,,,
"[2240, 256, 128]",[1],TRUE,4,3,0.850009501,0.647302687,,,,,,,,,,,,,
"[2240, 256, 128]",[1],TRUE,4,1,0.841052055,0.630005181,,,,,,,,,,,,,
